7,和平精英游戏中的勇者宝箱是在周年庆圈中圈模式中获取的此宝箱中有很多的奖励哦那么和平精英勇者宝箱应该怎么才能获取呢很多玩家不知道想下面就是小编给大家带来的和平精英勇者宝箱获取攻略一起来看看吧和平精英勇者宝箱获取攻略活动时间月日月日参与方式活动期间完成圈中圈模式相关任务即可领取圈中圈勇者宝箱
3,中新网月日电综合报道美国高校招生舞弊案日又有重大进展检方透露包括好莱坞女演员菲西丽提·霍夫曼在内的名家长已经同意就被指控的密谋邮件欺诈罪等罪名认罪霍夫曼在一份声明中表示她为自己给女儿家庭朋友同事及他人带来的痛苦感到耻辱愿为自己的行为承担一切责任和相应后果她还向凭自己努力考上大学的莘莘学子以及以诚信的方式支持子女学业并为此做出牺牲的家长道歉但同时霍夫曼也不忘强调我的女儿对我所做的事绝不知情我用我的误导和错误方式背叛了她据悉检方将寻求对霍夫曼等家长判处监禁刑期在到个月之间不过最后的量刑还取决于许多因素另一名涉案的女演员洛丽·路格林与时尚设计师丈夫也在该案名被告之列但他们并不在日传出将认罪的被告名单里名将认罪的家长中有一名是加州一家地产公司的所有人除了其他人都承认的密谋邮件欺诈和密谋诚信邮件欺诈罪名这名家长还承认了密谋洗钱和密谋欺骗国税局的指控因为他通过向主犯威廉·辛格的慈善组织汇钱而达到了抵税的目的此外周一认罪的还有德州大学前男子足球队教练迈克尔·森特斯坦福开除涉案学生此外各大学对涉案人的处理也仍在进行斯坦福大学表示已经将一名靠舞弊进校的学生开除这也是案件曝光后第二所这样做的大学图为斯坦福大学前帆船教练约翰·范德莫尔抵达波士顿联邦法院斯坦福在学校网站上表示我们确认这名学生的申请材料中有一部分是虚假资料随后根据学校政策撤销了录取其已经取得的所有学分都会作废这名学生已经不在斯坦福校园内不过斯坦福在声明中并没有透露其姓名这名学生是通过帆船项目被录取的斯坦福校方表示在录取几个月后其父母向操作整个案件的主犯辛格开办的慈善机构捐款这个机构再把钱汇给学校帆船队前教练而校方经过调查发现这名学生既没有来自这位前教练的推荐信也没有其他帆船教练的推荐信在这起规模宏大的名校招生舞弊案中斯坦福大学涉案的主要人物是学校帆船队的教练约翰·范德摩尔范德摩尔已于上个月承认了被指控的阴谋敲诈勒索罪名根据法庭文件他试图安排两名没有竞技帆船经验的学生被招募进校队受贿金额分别是万和万美元不过这两名学生都没有完成申请程序也没有被斯坦福录取斯坦福表示辛格的慈善机构分三次给了学校帆船队总共万美元从两名没被录取的学生的行贿金额来计算这名被录取的学生的家庭给范德摩尔付了万美元两周前耶鲁大学宣布开除了一名花万美元以足球运动员身份进校的学生此前有分析认为辛格各校教练监考官等人的罪行比较好定但对于连检方都表示对舞弊不知情的很多学生学校在对他们的处置上可能会很为难不过现在看来至少耶鲁和斯坦福在处置学生方面并未留情而业内人士也表示这并不令人意外在大多数大学申请中申请人都需要在一份确认声明上签字承诺提交的所有信息都是真实的从这个角度来说这些学生无论是否知情都已经违反了申请原则责编徐皓
7,在剑与远征中最近也是出了一个皇家犒赏令这个东西是可以通过玩家的努力来获得相应的奖励的那么这个皇家悬赏令到底性价比如何呢这里小编在这里给大家带来介绍皇家犒赏令勇者犒赏令皇家犒赏玩家开始游戏第八天开放购买活动周期为天期间内各阶段奖励会依照骑士功勋达标解锁开放领取骑士功勋来源为日常任务与每週任务宝箱勇者犒赏在皇家之后几天忘记啥时候了活动周期差不多期间内各阶段奖励会依照勇者之证达标解锁开放领取来源为打异界迷宫活动结束时所有该领未领取的奖励将发放置玩家邮箱并不会遗失骑士功勋达标时皇家犒赏令购买者可领取各阶段不同数量稀有英雄菁英英雄灵魂石及钻石在期限内依照游戏内图示骑士功勋达时共可领取累计皇家犒赏绿色英雄灵魂石紫色英雄灵魂石钻石勇者犒赏尘钻石个小时尘另外无购买犒赏令的玩家仍有部分奖励可领取
9,艾迪佩珀罗尔在社交媒体上不害怕表达他对布赖森德尚博的看法从他打球速度过慢到最近距离上的增加都有自己的观点现在英格兰人在做法上也与美国选手背道而驰艾迪佩珀罗尔这个星期在英国大师赛上重返赛场这是三月他在卡塔尔大师赛遭遇取消资格以来参加的第一场比赛他来到克罗斯之家的时候明显瘦了一些减了几磅腰围也少了大约英寸一方面布赖森德尚博最近努力增加体重另外一方面艾迪佩珀罗尔就减少体重以增进健康我采取了布赖森德尚博相反的道路我想那样做对他更有利远远超过我布赖森德尚博对天空体育台说我是在卡塔尔之前一个星期开始这样做的从数学来说并不是最好的饮食方案可是对我的腰围有好处我想改善健康实话实说去年我遇到了一些问题我看了一些照片就我岁的年龄我知道不对劲艾迪佩珀罗尔选择了他所谓的极端饮食方案其中包括如下简单的每日菜谱牛排牛肝和骨头汤他甚至将他的女友一个营养师从素食主义者转到了这样的菜单上我体格加强了因为我吃了许多牛肉艾迪佩珀罗尔说我必须说我的身体感觉妙极了我感觉很棒艾迪佩珀罗尔当前的世界排名位于位当美巡赛球员比赛的时候他下降了位一方面他根据排名可以参加美国锦标赛另外一方面他已经表示将缺席年度首场大满贯因为来回美国都要隔离旅行实在不便
0,今日人民币汇率中间价是多少月日人民币兑美元中间价调升个基点报同时央行公告称目前银行体系流动性总量处于较高水平年月日不开展逆回购操作今日无逆回购到期月日金融市场避险情绪大幅回升衡量美元对六种主要货币的美元指数日上涨截至纽约汇市尾盘上涨至分析认为从长期看金融领域全方位的开放则为人民币汇率的长期稳定提供了更为有力的支撑展望未来全方位对外开放的主旋律不会改变伴随开放的持续推进和跨境资本流动的持续改善人民币资产的吸引力也将更加凸显平安证券表示从基本面来看近期中美货币政策走向均呈现出审慎放松的态势这意味着人民币兑美元汇率如果受基本面主导的话将会在上下振荡一段时间中银国际证券认为从经常项目顺差中美利差中国扩大开放的政策倾向以及美国经济数据趋弱等因素考虑人民币对美元走强的趋势将短期延续人民币汇率弹性更为增强至少到年上半年人民币对美元后续走势以偏强双向波动为主
3,作者余蓝北京语言大学人文社会科学学部副教授洪成文北京师范大学高等教育研究院教授根据教育部最新发布的法学门类设有六个专业类分别是法学类政治学类社会学类民族学类马克思主义理论类公安学类这六类又下设个专业包括基本专业个分别是政治学与行政学国际政治外交学社会学社会工作民族学科学社会主义中国共产党历史思想政治教育特设专业个分别是知识产权监狱学信用风险管理与法律防控国际经贸规则国际事务与国际关系政治学经济学与哲学人类学女性学家政学老年学马克思主义理论国家控制布点专业个分别是法学治安学侦查学和边防管理特设兼国家控制布点专业个分别是司法警察学社区矫正国际组织与全球治理禁毒学警犬技术经济犯罪侦查边防指挥消防指挥警卫学和公安情报学另外信用风险管理与法律防控国际经贸规则司法警察学社区矫正国际组织与全球治理老年学马克思主义理论个专业为近三年来增设的新专业法学专业涵盖学校广学科多我国有近所高校开设了法学专业大致可分为两类一类是政法类专业院校其法学学科和专业类型设置齐全学生能够接受较系统的法学教育另一类是综合性大学的法学院多学科优势较为明显有利于学生的综合素质发展除了从事律师职业外法学毕业生可以在国家机关企事业单位和社会团体特别是行政机关立法机关检察机关审判机关仲裁机构和法律服务机构以及涉外涉侨等部门从事法律工作也可以到大型公司担任法律顾问等法学人才的缺口和就业选择面相对较宽泛特别是一些新兴的与法有关的职业如网站媒体法治版编辑记者等年月日版责编张悦鑫
9,俄罗斯票房口碑神作即将于月日在全国上映日前本片点映全国开启观众被电影中热血澎湃的气氛感染不仅积极参与现场互动映后纷纷给出本片好评燃炸了整个电影院热血感动燃彻底被电影征服观众们纷纷给予了电影非常高的评价称赞电影有燃爆的感觉让人热泪盈眶热血的情节节奏真切的情感触动妥妥好片了还有观众关联现实表示电影中角色对于胜利的期待也正是我们目前所需要的这样振奋人心的好电影来得太是时候了因为我们现在也急需一场胜利这部电影让铁腕总统普京偷着看俄罗斯总统普京素以铁腕总统的形象为人所知执政各种硬钢是他留给人们的第一印象另一方面他又是名副其实的硬汉总统赤裸上身在南西伯利亚图瓦共和国的草原上策马奔腾亲自为圣彼得堡高级体育学院的学生上柔道课一展黑带高手风采同样的普京对于俄罗斯本国电影也有着超乎寻常的关注但显然总统不大可能出现在闹市区的影院里有时候也会在办公室用盘看电影据俄罗斯新闻网站Дниру报道在俄罗斯去年的政府会议上知名演员弗拉基米尔·马什科夫作为艺术文化代表在会上汇报了自己主演的电影的情况汇报结束后俄罗斯总统普京突然对马什科夫说我看过你主演的马什科夫心中充满疑惑因为他从没听说过总统去影院看了这部电影于是问道您是偷了盗版看的吗普京的回答相当巧妙不我只是插入了盘我也是个现代人当时在场的俄罗斯媒体很快报道了这一事件甚至连标题都写的是让普京偷着看的电影究竟这部让普京偷着看的电影讲了什么故事又有多好看呢这部即将于月日在国内上映的堪称俄罗斯近年现象级话题电影之一在俄罗斯上映时便展现了极强的话题度和票房号召力不仅引发俄罗斯民众万人空巷的观影热潮并最终以亿卢布夺得俄罗斯影史本土电影票房冠军并将纪录保持至今票房成绩甚至超越了很多同期好莱坞大片在俄罗斯市场的表现影片根据体育史上极具争议的一场比赛改编讲述了在美苏冷战背景下一场赌上了国家荣誉和民族自由充满着传奇色彩的篮球决赛在年马什科夫饰演的苏联队篮球教练加兰任向全世界宣布要在慕尼黑奥运会篮球决赛上战胜连续年不败的美国队面对诸多质疑嘲讽轻视加兰任依旧坚持必胜的信念带领苏联队战斗到最后一秒本片上映之后包括等俄罗斯主流媒体纷纷给予本片好评称赞上映恰逢民众对西方恐惧的病毒式蔓延而影片提供了一剂强心针那就是战胜西方不仅仅靠语言更可以做到影片中对于团队信念家庭爱国等内容的表现极大地激励和鼓舞了俄罗斯人民成为当年首屈一指的口碑佳作此前该片在国内举办放映后获得一致好评证明一部好电影完全能够打破语言民族的隔阂为全球观众所喜爱豆瓣评分高达不负电影的口碑佳作之称将于月日登陆国内各大院线相信片中的热血精神同样能够感染你我
4,各位老铁大家好今天准备和大家聊一聊亚马逊广告里面的一个关键词指标也就是有效点击率简称的定义我简单说一下大家都知道的意思是展现也就是曝光但是当一个展现到电脑屏幕上面并不代表会得到点击也就是流量因为或许买家没有看见或许看见了但是不想点击很多种原因导致了展现但是没有流量点击那么如果一个有次展现但是被点击了次那么就有一个指标来衡量这个百分比我们称之为那么这种情况就是接着往下说大家都知道亚马逊有两套排名体系一套排名体系是自然排名体系我们称之为另一套排名体系是广告排名体系就是那些有标识的产品他们也有自己的排名我们称之为或者如下图所示和其实是在一个页面下面共存的都拥有各自的先后排序以及排序规则所谓广告也就是针对于广告的有效点击率这个数据在后台里面是可以查到非常详细的数值的不过估计大部分老铁没怎么去关注一直都是忽略的状态大家都对和转化率这些指标更感兴趣毕竟电商还是要看但是忽略了的存在其实这样做是不对的首先就亚马逊的广告团队而言他们其实更看重而不是转化答案其实很简单因为广告团队的收入是通过点击来获取的对广告而言多少人点会比多少人买更重要那么如果数据更高的是不是意味着在给予同样的曝光的情况下它能够吸引更多的点击举个例子同样都是这词第一页只有三个广告位那么如果处在广告位排序第一的位置上他等于是占据了最好的黄金广告位他的是左右那么如果处于广告位排序第二的位置上他的是左右那对于亚马逊广告团队来说其实在广告权重上面是优于的而且理应取代占据最好的黄金广告位因为同等的曝光下面能够吸引最大的流量点击帮亚马逊广告团队赚更多的钱那么广告团队也会更乐意给他更好的展现和广告位置相信从以上例子大家应该明白我想表达的是基于广告体现算法来说的权重其实是大于广告转化率的不是说亚马逊就不看转化了而是转化的权重没有点击那么高了简单来说亚马逊广告的排名是由三个因素决定的出价广告广告转化率其中最重要的影响因素是出价这个要证实很简单你一个新上架你弄个热门关键词你把开到等个分钟一定是首页第一位原因很简单亚马逊要靠这个赚钱所以出价对于广告排名的影响肯定第一位的其次就是广告的因为高的能够帮助亚马逊吸引到更多那么亚马逊广告团队也就能挣更多的钱当然会把高的排到更高更好的广告位置对于有广告排名影响权重最小的是广告的转化率亚马逊是电商平台转化一直都很重要但是在广告排名体系里面并不是最重要的那一个亚马逊广告的目的其实很简单就是通过点击来赚钱当然我这套理论很多老铁可能会有不同的看法我也非常欢迎不同的观点我们针对这套理论做了一些测试下面给大家简单说一下相信各位老铁在实际广告运营过程中也经历过类似的情况了我们分为两个广告组和分别放到两个里面然后拿前段时间的一个爆款产品做为测试产品我们选取了两个不同样式的两个均为刚上架的新品把他们分到和组里面都是匹配打的是这个词开始的竞价都设置为因为要操控数据所以我们都会对点击做人工干预从而快速模拟现实中存在的一些情况在尽可能保证其他条件不变的情况下刚开始的时候因为初始竞价比较高所以两个开始的广告位都比较靠前后面在我们点击软件外加适当购买的快速操作下面测试结果很快就出来了第一个广告组组情况如下第二个广告组组数据情况如下我们为了凸显效果故意通过人工点击把数据做的非常夸张然后我们开始观测广告位组里面的广告排名明显和开始的时候比倒退了不少经常出现搜索找不到的情况但是组却是截然不同组里面的相应广告排名提升非常快已经稳居第一页至于实际扣费情况则是差不了多少比较一致综上所述外加和亚马逊广告团队一些小会议闭门沟通差不多能得出的结论是做高的情况下能够短时间内极大地拉高广告排名但是呢也会消耗很大一笔广告扣费对于降低广告实际扣费来说短时间内不是很明显我们还在测试如果时间拉长的情况下对实际扣费的影响是如何的也欢迎各位老铁踊跃发表意见大家一起讨论
1,房山中骏云景台由港股上市房企中骏倾力打造南城超大型高品质社区涵盖住宅长租公寓商业综合体等多元业态致力城市运营打造受人尊敬的百年企业中骏云景台位于房山官道板块地处地铁房山线良乡大学城西站南侧多条公交车快速接驳项目紧邻南六环良乡出口自驾公里约分钟抵达项目紧邻京港澳高速自驾公里约分钟抵达项目中骏云景台是低密城市洋房楼高米奢享近米超阔楼距㎡精致户型超高得房率超配精装满足年轻家庭成长计划环抱城市级中央景观公园围合多元主题宅间绿地营造更多自然共享空间北京中骏云景台怎么样中骏云景台站在全周期居住需求为设计原点在功能布局园林布景建筑细节智慧社区等各角度打造未来城市云住生活范本
8,记者日从赵红霞辩护律师处获悉赵红霞已于年月日被重庆市人民检察院某分院以敲诈勒索罪批准逮捕目前关押在重庆市某看守所月日古城重庆多城门有开九门闭八门九八一十七道门一说除朝天门通远门东水门临江门等四大城门外还有翠微门太平门南纪门等等如今重庆第十八道门红霞门又横空出世名扬四海确实赵红霞乃重庆奇女子方能让那么多唱红打黑团队的大神们一再拜倒在她的石榴裙下著名评论员曹林说难过美人关是人性弱点如果这种人性弱点加上权力的春药就更如干柴烈火了但不争的事实是恰恰是在唱红打黑的重庆恰恰是在唱红打黑折腾得最上劲的时候偏偏有这么多厅局级官员卷入了红霞门这说明唱红打黑对这些人没有起到任何积极作用甚至运动式的唱红打黑进一步加剧了人性的分裂也不无可能再者性贿赂仙人跳等等犯罪行为一再发生在唱红打黑团队的眼皮底下雷政富被肖烨等人持视频威胁而不久后重庆警方侦破此案但破案后却不见任何动静犯罪行为没有被追究雷政富等人也安然无恙唱红打黑居然对红霞门睁一只眼闭一只眼确乎耐人寻味红霞门的看点还在于这道风景之所以被人们发现是因为朱瑞峰纪许光等几位调查记者的不懈努力而他们的材料居然大多是来自于重庆警方的内线调查记者与警方内线这两个关键词又很容易让人联想到美国的水门事件某种意义是说重庆的红霞门对中国社会的影响之大与美国水门事件还真的很相似好好审视红霞门这道风景让上帝的归上帝让凯撒的归凯撒让法律的归法律让娱乐的归娱乐唯其如此我们才会笑到最后笑得最好作者汪忧草责任编辑
4,月日荣耀手机官方发布消息称在京东超级品牌日期间荣耀系列丨世界自然基金会推出联名款礼盒该款联名礼盒极具艺术感从外观看上去就有种新生的气息弥漫在空气当中荣耀系列丨世界自然基金会联名款礼盒据官方介绍纸艺家陈粉丸将纸雕工艺与野生动物的生命力融于礼盒之中使这款联名款礼盒有两种不同的风格其区别就出现在外包装上一款的包装是雪豹在冰雪高原穿梭动静结合形象生动另一款的包装是麋鹿在丛林中驻足完全又是另一种意境看到这些精致的礼盒不得不佩服艺术家的慧心巧思荣耀系列丨世界自然基金会联名款礼盒另外月日是荣耀京东超级品牌日活动活动期间消费者可参与到荣耀系列万像新生主题活动除了可以在整点时段秒杀元无门槛券京东会员还可以享受荣耀提前购等活动如果参与荣耀官方的活动并留言荣耀系列万像新生联合打符合标准的发图留言打用户就可直接抽取荣耀系列丨世界自然基金会联名礼盒喜欢荣耀系列手机也喜欢这款联名礼盒的朋友记得关注荣耀官微发布的消息可别错过了活动哦
3,人民网北京月日电新时代的我们要思考应该以怎样的奋斗姿态为我们热爱的阿中哥哥打在日前给全校同学上的一堂思想政治理论宣讲课中天津大学管理与经济学部学生党员朱倍深情说道今年月以来天津大学努力发挥学生党员自我教育的作用依托各学院组织优秀学生党员代表组成个专题宣讲小组以新中国血脉中的天大元素为主题制作系列理论宣讲微党课以老一辈天大人的奋斗故事为切入点从学生的视角展开深入分析帮助广大学生党员从中感悟新时代天大青年的使命和担当朱倍正是专题宣讲小组的一员据介绍在不忘初心牢记使命主题教育期间为了让学生理论宣讲能够覆盖更多的学生该校各个学院也成立了院级理论宣讲小组在院级小组的建设过程中学校引导各学院以的模式研发宣讲内容即由一名思政课教师一名辅导员和若干名学生组成内容制作小组在这样的模式下思政课教师进行理论指导辅导员联系学生实际学生制作宣讲内容开展理论宣讲许多受学生认可的宣讲内容被如此反复打磨研发出来学生党员更了解广大青年学生的话语体系和关注的问题以学生思政理论宣讲为载体推进不忘初心牢记使命主题教育可以极大地增强教育的吸引力和感染力真正的让广大学生党员理论学习有收获思想政治受洗礼该校化工学院学生党员校理论宣讲小组负责学生贾勐谈到如何将共产党员的初心和使命讲深入讲生动是学生们在制作内容时面对的首要难题在这个过程中让思政课教师辅导员和学生深度联动密切配合让他们所制作的内容理论更有深度事例更有温度而以同龄人的视角讲思政广大学生更容易接受天津大学智能与计算学部辅导员宣讲小组指导教师谢华哲说该校有关负责人介绍截至目前校院两级学生思想政治理论宣讲小组在主题教育期间已经开展理论宣讲余场主题涵盖党史国史社会发展史天津大学大师奋斗故事等内容学校搭建平台让学生唱主角一场场生动的思政理论宣讲给予广大学生党员思使命悟担当的精神洗礼帮助他们将主题教育的成果转化为青春报国的实际行动真正在未来的学习生活中努力成长为担当中华民族复兴大任的时代新人李依环责编田媛
6,中央第七巡视组向清华大学党委反馈专项巡视情况中央第七巡视组向清华大学党委反馈专项巡视情况中央纪委监察部网站张祎鑫摄根据中央巡视工作领导小组部署年月日中央第七巡视组向清华大学党委反馈专项巡视情况中央政治局委员中央书记处书记中央巡视工作领导小组副组长赵乐际主持召开向清华大学党委书记陈旭的反馈会议出席向清华大学党委领导班子反馈专项巡视情况会议对清华大学党委主要负责人和党委领导班子抓好巡视整改工作提出要求中央巡视工作领导小组成员杨晓超向陈旭传达了习近平总书记关于巡视工作的重要讲话精神中央第七巡视组组长刘卒代表巡视组分别向陈旭和清华大学党委领导班子反馈了专项巡视情况副组长舒国增张秋生孟冬参加反馈会议陈旭主持向领导班子反馈会议并就做好巡视整改工作作表态讲话根据中央统一部署年月日至月日中央第七巡视组对清华大学党委开展了专项巡视巡视组认真贯彻中央巡视工作方针坚定不移深化政治巡视以四个意识为政治标杆把坚决维护党中央集中统一领导作为根本政治任务把贯彻五位一体总体布局和四个全面战略布局作为基本政治要求突出问题导向聚焦坚持党的领导加强党的建设全面从严治党盯住党委突出关键少数查找政治偏差从严从实开展巡视监督发现问题形成震慑推动改革促进发展充分发挥政治显微镜政治探照灯作用发挥标本兼治战略作用通过广泛开展个别谈话认真受理群众来信来访调阅有关文件资料深入了解情况顺利完成了巡视任务中央巡视工作领导小组听取了巡视组的巡视情况汇报并向中央政治局常委会报告了有关情况赵乐际对巡视整改提出明确要求强调巡视是发现问题整改是解决问题巡视是政治体检整改是政治任务清华大学党委要增强四个意识强化政治责任针对巡视发现的问题纠正纠错纠偏一件一件抓把四个意识体现在具体行动中成为巡视整改的标杆要高度重视中央巡视组反馈的意见深入分析深挖病根精准发力综合施策集中整治既要有当下改的举措也要有长久立的机制条条要整改件件有着落党委书记和班子成员要坚决把自己摆进去自觉为党担责为党尽责为党负责主动认领责任带头落实整改既督任务督进度督成效又查认识查责任查作风做到真认账真反思真整改真负责确保整改取得扎实成效对巡视整改情况要以适当形式向社会公开接受干部群众监督中央巡视工作领导小组办公室将适时组织开展监督检查刘卒指出党的十八大以来清华大学党委认真学习贯彻习近平总书记系列重要讲话精神坚持又红又专全面发展传统特色履行管党治党办学治校主体责任完善相关制度强化作风建设党风廉政建设和反腐败工作取得新成效巡视中巡视组发现和干部群众反映了一些问题主要是四个意识不够强党委领导作用发挥不够贯彻党的教育方针在有些方面不够到位对做好新形势下高校思想政治工作措施不够有力思想政治工作队伍建设有所弱化党的建设抓得不够严不够实党内政治生活不够严格基层党组织建设存在虚化弱化现象执行选任程序不够规范干部管理监督不严落实两个责任存在差距对一些违纪违规问题动真碰硬不够纪检机构落实三转不够到位履行监督执纪问责职能不够充分有的单位利用高校资源谋取不当利益有的干部或工作人员以权谋私违反中央八项规定精神问题仍有反映存在公款旅游公车私用等问题同时巡视组还收到反映一些领导干部的问题线索已按有关规定转中央纪委中央组织部等有关方面处理刘卒提出了四点意见建议一是进一步增强四个意识强化党的领导认真贯彻落实党的十八大和十八届三中四中五中六中全会精神贯彻落实五位一体总体布局四个全面战略布局和新发展理念坚定四个自信深入学习贯彻习近平总书记系列重要讲话精神坚持社会主义办学方向确保党的教育方针不折不扣得到落实严格执行党委领导下的校长负责制深入研究加强高校思想政治工作的具体措施切实落实意识形态工作责任制深入推进两学一做学习教育常态化制度化把思想政治工作同党的建设工作结合起来加强基层党组织建设弘扬清华大学优良校风学风进一步加强师德师风建设和教师队伍管理二是切实担负起全面从严治党主体责任层层传导压力防范廉洁风险纪检机构要持续深化三转实践好监督执纪四种形态严肃查处违纪违规问题积极开展警示教育认真贯彻执行问责条例三是继续完善并严格执行落实中央八项规定精神的有关制度深入开展四风突出问题专项整治四是加强领导班子和干部队伍建设进一步规范选人用人程序严格执行组织人事制度切实落实从严管理监督干部各项要求要坚持以下看上对照巡视发现的问题召开专题民主生活会深刻剖析问题根源举一反三用好巡视成果以巡视整改的实际成效迎接党的十九大胜利召开陈旭表示这次中央巡视组对清华大学党委开展专项巡视充分体现了党中央对清华大学的高度重视和亲切关怀是对学校党委加强党的领导抓好党的建设深化全面从严治党的有力监督和推动也是对清华大学全体党员干部一次十分深刻的党性教育和警示教育校党委领导班子和广大师生员工一定要深入学习习近平总书记关于巡视工作的重要讲话精神进一步增强四个意识坚决维护以习近平同志为核心的党中央权威和集中统一领导自觉在思想上政治上行动上同以习近平同志为核心的党中央保持高度一致要高度重视巡视反馈意见深化认识深挖根源进一步加强学校党的领导抓严抓实党的建设切实担负起全面从严治党主体责任要全力以赴狠抓落实做到条条要整改件件有着落按时保质地完成整改任务进一步健全标本兼治长效机制要把巡视整改和推动学校改革发展结合起来与推进两学一做学习教育常态化制度化结合起来与规范党组织和党员干部日常管理结合起来做到两手抓两促进两提高中央第七巡视组有关成员中央巡视工作领导小组办公室有关同志北京市委有关负责同志教育部有关部门负责同志清华大学党委领导班子成员出席会议近年来退出领导班子的部分老同志两院院士下一级单位主要负责同志部分知名学者列席会议责任编辑郑莉莉
7,重装上阵这款游戏可以说是充分发挥玩家想象力的游戏玩家可以在这里自己组装自己的脑洞战车甚至是机器人哦这里有着最真实的物理引擎满足每一个玩家幻想的机器人梦那么机器人应该怎么组装呢这里给大家介绍下重装上阵机器人制作攻略制作机器人最需要解决的难题就是移动方式毕竟机器人是直立行走的也就是说重心相比其他载具来说更差所以玩家目前衍生出了三种不同的方案第一种就是用轮胎型的腿部也就是说虽然看起来是和机器人一样但是移动的时候依然车轮脚步也是固定的这种方法的好处就是制作方法简单而且可以根据自己的情况来增加其他的装置第二种就是使用蜘蛛腿我们可以简单地将要制作的机器人当做一只人面蛛来造也就是说上半部分是人型下半部分是蜘蛛形态第三种就是将蜘蛛腿做成机器人的脚掌一般来说每只脚使用个或者个蜘蛛腿就可以保证自由行走不过这种方法想要制作的出合理的机器人需要大量的载重毕竟腿部就这么大了上身自然也不能小所以在后期才能发挥出作用
6,中新网北京月日电今年月中共中央印发了和中共的反腐制度设计再度得到完善不过一段时间以来舆论中也出现了涉及上述法规内容的一些疑惑近期中纪委多名官员密集就上述党纪新规进行解疑释惑中共党员在日常工作生活中的一些行为底线得到更为细致具体的明晰而诸如违法超计划生育仍需纪律处分犯罪行为免于起诉仍要党纪处分用自己的钱挥霍消费也要管等等党纪新规中的诸多细节体现着纪法分开党纪党规严于国法的特点疑问一党员到底能不能炒股中纪委四类党员不能炒股新版第条是关于党员违反有关规定从事营利活动行为的处分规定其中第三项将买卖股票或者进行其他证券投资作为违纪情形之一列出党员到能能不能炒股哪些党员被明确不能涉足股市交易月日中纪委网站刊出回复选登中央纪委法规室两项法规权威答疑一其中根据相关规定中纪委明确列出了不得买卖股票的四类人群上市公司的主管部门以及上市公司的国有控股单位的主管部门中掌握内幕信息的人员及其父母配偶子女及其配偶不准买卖上述主管部门所管理的上市公司的股票国务院证券监督管理机构及其派出机构证券交易所和期货交易所的工作人员及其父母配偶子女及其配偶不准买卖股票本人的父母配偶子女及其配偶在证券公司基金管理公司任职的或者在由国务院证券监督管理机构授予证券期货从业资格的会计审计师事务所律师事务所投资咨询机构资产评估机构资信评估机构任职的该党政机关工作人员不得买卖与上述机构有业务关系的上市公司的股票掌握内幕信息的党政机关工作人员在离开岗位三个月内继续受该规定的约束由于新任职务而掌握内幕信息的党政机关工作人员在任职前已持有的股票和证券投资基金必须在任职后一个月内作出处理不得继续持有疑问二党员开车严重超速怎么处分中纪委犯罪情节轻微免于刑罚也会给予处分今年月日刑法修正案九开始实施除了已有的醉驾入刑根据新版修正案从事校车业务或者旅客运输严重超过额定乘员载客或者严重超过规定时速行驶的也被纳入刑法而根据新版第条规定党员犯罪情节轻微人民检察院依法作出不起诉决定的或者人民法院依法作出有罪判决并免予刑事处罚的应当给予撤销党内职务留党察看或者开除党籍处分针对一些交通违法行为是否给予撤销党内职务留党察看或开除党籍处分中纪委在上述答疑中回应不论何种犯罪行为只要是犯罪情节轻微人民检察院依法作出不起诉决定的或者人民法院依法作出有罪判决并免予刑事处罚的均应当给予撤销党内职务留党察看或者开除党籍处分疑问三党员超生还要党纪处分吗中纪委违法超计划生育仍纪律处分新版的删除了此前有关党员计划生育的一些处分条款这一细节的变化在舆论中一度引发诸多猜测此后召开的十八届五中全会上中共中央关于十三五规划的建议中提出要全面实施一对夫妇可生育两个孩子政策党员在计划生育方面的要求是否在松绑党员超生还处分吗月日中央纪委副书记张军做客中纪委网站在线访谈针对这一问题他回应称计划生育是基本国策广大党员都应自觉遵守执行张军称将来国家若做了相应修改一对夫妇两个孩子也是计划生育这一基本国策也要严肃执行张军称修订后的删除了超计划生育的处分条款内容主要是按照纪法分开的原则既然国法有规定党员就应当模范遵守不再重复规定绝不意味着是对党员在遵守国法计划生育方面的松绑如果党员违反法规超计划生育构成违纪的仍然要按照总则中的纪法衔接条款予以纪律处分疑问四党员奢靡享乐咋界定中纪委用自己的钱挥霍性的消费也不行新修订的第条规定生活奢靡贪图享乐追求低级趣味造成不良影响的给予警告或者严重警告处分情节严重的给予撤销党内职务处分这里的奢靡享乐如何界定党员用自己的合法收入购买豪车名表会不会受到党纪处分日张军在中纪委网站的访谈中也详细解释了这些疑问张军指出所谓生活奢靡贪图享乐主要是指党员背离了党章要求的吃苦在前享受在后的义务和尚俭戒奢的要求在日常生活中讲排场比阔气动辄挥金如土恰如广大群众批评的那种土豪气这些人的行为明显超出了当地正常生活消费水平也破坏了群众心目中党员应当是社会主义新风尚和社会主义荣辱观带头践行者的良好形象所谓不良影响应当根据当地经济发展水平风俗习惯和群众反映等因素综合考虑张军称上述享乐主义和奢靡之风行为是指用自己的钱进行高标准或者挥霍性的消费在党的改革开放政策下靠诚实劳动先富裕起来的党员干部生活过得好一点群众完全能理解但是过分奢靡群众中社会上是有评价标准的会认为他们已不像一名共产党员张军称对这样处理私生活的党员党组织不能不管不能不予过问疑问五如何区分礼尚往来与收受礼品中纪委明显超出正常风俗习惯酌情处分在新版的第条和第条中对于收受礼品礼金消费卡等处分规定里都提到了明显超出正常礼尚往来的表述如何区分礼尚往来与收受礼品明显超出正常的表述怎样界定按照张军的解释没有对收受礼品礼金消费卡等行为搞简单的一刀切而是区别了不同情况分别作出了规定其中张军指出日常生活中纯属礼尚往来收受同事同学老乡朋友等赠送的礼品礼金消费卡等虽然与公正执行公务无关也要视情况予以处理这个情况就是明显超出正常礼尚往来何为礼尚往来张军称一是指在礼节上讲究有来有往换句话说就是你对我怎么样我也对你怎么样不能只来不往第二是指明显超出了当地正常经济水平风俗习惯个人经济能力的礼品礼金价值具体给予处分时就要根据各种因素综合考虑酌情处理疑问六党员能否参加老乡会校友会中纪委违规组织参加自发成立的老乡会才可能处分新版公布之后其中涉及党员领导干部参与校友会老乡会战友会等活动的规定备受关注第条规定党员领导干部违反有关规定组织参加自发成立的老乡会校友会战友会等要根据情节轻重予以处理党员还能参加老乡会校友会等联谊吗根据中国纪检监察报月日的报道中央纪委法规室主任马森述对这一问题进行了解释按照马森述的解释该条规定的主体仅是党员领导干部体现了对党员领导干部的高要求该条所称的有关规定是指年中央纪委中央组织部总政治部联合下发的此外该条所称的自发成立的老乡会校友会战友会是指未经民政部门登记注册的老乡会校友会战友会马森述称党员包括领导干部在正常范围内的老乡校友战友聚会并不违反党的纪律要注意区分该违纪行为与组织参加老乡校友战友之间的正常聚会活动只有违反规定组织参加自发成立的老乡会校友会战友会等才有可能构成处分记者阚枫责任编辑郑莉莉
3,北京外国语大学坐落在北京市海淀区西三环北路在三环路两侧分设东西两个校区是教育部直属首批工程高校优势学科创新平台高校首批一流学科建设高校学校已开设种外国语言欧洲语种群和亚非语种群是目前我国覆盖面最大的非通用语建设基地是教育部第一批特色专业建设点学校形成了以外国语言文学学科为主体文法经管等多学科协调发展的格局刘洋张倩责编丛芳瑶
2,昨日由中国陶瓷知识产权信息中心主办陶瓷世界报承办的聚焦岩值岩板应用及发展多方会谈暨中国岩值榜揭榜仪式在中国陶瓷中部基地成功举办众多岩板设计产销加工及应用等领域的专业人士陶瓷行业岩板领军企业代表齐聚现场欧神诺作为获奖品牌及分享嘉宾受邀出席  聚焦岩值  从前不久结束的潭洲陶瓷展便可窥见各品牌千岩竞秀岩板已成为整个陶瓷行业中当仁不让的主角  此次中国岩值榜榜单的揭晓是对行业内领先的岩板产品及品牌的一次褒奖同时也在于树立专业性和权威性岩板产品的价值风向标见证了近年国内岩板新锐力量的成长左一欧神诺代表上台领奖  欧神诺凭借出色的苏格·岩板系列产品从激烈的竞争中崭露头角经过评审团专业公平严格的多重评选取得岩板十大品牌荣誉称号  区别于大多岩板品牌欧神诺基于年的专注创新求变进取将创新的基因融入岩板产品的设计与生产完美实现石材的里外通体和天然肌理以及板材的应用范围并通过行业领先的品牌内配件加工中心打通生产到加工落地整个产业链的通路苏格·岩板产品  岩展未来  此次活动还在于聚焦岩板的产业链及应用发展岩板应用及发展的进行互动交流促进岩板上下游产业健康发展进行全方位的探讨行业大咖分享  岩板作为新型饰面装饰材料开启陶瓷材料应用的新方向改变陶瓷材料的使用方向开辟新的用户和细分市场领域欧神诺则认为未来已来在岩板时代的趋势下除了产品的创新及设计设计服务及应用方案也应齐驱并进而欧神诺自主研发运营多年的云设计设计系统将成为岩板设计服务的利器欧神诺总裁助理刘可春先生代表发言  乘势突破智绘未来欧神诺将继续聚焦岩板产品创新服务创新技术创新为千万家庭带来更美好的家居生活原文网址中国岩值榜盛大揭晓欧神诺取得岩板十大品牌称所属分类品牌资讯
5,能够轻描淡写地完成她所做的一切蒂尔达·斯文顿在红毯上与大银幕上同样吸睛她天仙般的美丽天鹅般的优雅加上倾向优美能制造话题的服装都曾与她一同见证她与时尚界最有趣的设计师合作创作出好莱坞最酷最具视觉震撼还有展现优雅的风格从到到斯文顿的风格已经成为强烈轮廓大胆极简和无畏用色的同义词像是点名她最近接演的有趣角色在翻拍的一片里饰演古怪的舞蹈老师年长的男心理医生以及女巫聚会的领导人斯文顿的服装跳脱条条框框尽管锐利的剪裁和前卫的线条是她的标志颜色也是她的美学关键之一她自信地使用各种颜色的眼影从冰白到猩红展现出她不同一般典礼参加者的风格实力她同样也采用一些令人想像不到的材质从她获颁奥斯卡最佳配角穿的折光滑腻丝绸裙装到她标志性的金属装由他的老友及合作伙伴制作同样也一手打造出许多她令人难忘的服装对于斯文顿告诉很少有衣服可以像做的一样合适的跟着身体移动那是一种那身衣服是为了移动为了身体为了那些姿态而设计的感觉我真的很喜欢他专为移动的人类身体设计的做事方式你会以为在时尚界不会有这样的高标准但是真的有的创作提供斯文顿超越美学的东西更关键的是他打造的衣服除了赞扬她的模特身材之外也颂扬了她的感性在月上映还有她月号的生日之前回顾了斯文顿豪不费力打造的美好红毯风格
3,南京市力学小学从一年级学生入学就开始抓劳动教育学校倡导劳动从一臂时空做起每个孩子要管好自己的一平方一立方除了收拾好自己的课桌抽屉还要保证自己座位周围干净整洁学校实施小米粒午间十分钟劳动时间每个学生都要整理内务打扫卫生清理垃圾每个年级设有检查员垃圾管理专员参与执行和监督学校创设红领巾劳动节让学生在生动的活动情境和日常真实的劳动中提高劳动技能和生活自理能力从而热爱劳动尊重劳动人民珍惜劳动成果吉翔责编田媛
8,手机对于年轻人来说是不可或缺的娱乐工具如果时常被手机的卡顿拍照不清晰以及续航所困扰的话日常生活的舒适度想必会大打折扣对于目前的年轻人来说一款具备全面的拍照能力高颜值又能够简单流畅地使用的手机能更加受到欢迎而这款手机就能够满足年轻人多样化的需求在拥有炫酷纹理的背面搭载了全新智慧四摄由高清主摄度超广角镜头超微距镜头和一颗景深镜头组成其中主摄在拥有高像素的同时还拥有大光圈并且支持相位对焦后置高达万像素的超广角镜头让有°超大视野的拍照能力在同一位置就能容纳更大的视野在的超微距镜头下任何细小的美景都不会错过轻松记录下身边美好的微观世界拥有的景深镜头拍摄主体的植物显得十分突出而背后的绿叶经过虚化之后更加显得其衬托作用这四颗摄像头组成的智慧四摄不仅支持多种拍摄场景还拥有逆光拍照技术以及超清视频防抖功能前置万像素焕颜相机采用了智慧美颜的技术基于的美颜技术能够识别个基础面部特征点检测种人脸属性通过对每个脸型进行专属优化能够让美颜显得更加自然发朋友圈的时候更加自信在轻巧的机身内配备了高达的大容量电池配合双引擎闪充技术可以让年轻人出门在外摆脱电量恐惧的束缚更加轻松自如地享受生活颜值与实力并存在日常使用时流畅不卡顿信号稳定仅售元月日线上线下各大平台已全面开售详情请前往官网了解
5,高圆圆身着系列尽显优雅风情作者时间年月日内容来源时尚网来源时尚网文章导读近日当红影星高圆圆小姐身着伊莎贝尔•马兰系列在巴黎街头尽显优雅风情一种轻松从容的巴黎式时尚感跃然眼前高圆圆表示这个系列没有把女性束缚在衣服里感觉是自由随性同时也浪漫优雅跟巴黎的城市气质非常契合	高圆圆是内地演员中少有的气质美女清丽脱俗的外貌使她在驾驭任何造型时都能不经意间透露出精致和优雅她凭借精湛的演技多次获得国内外重要电影大奖提名在红毯的造型更是有不俗的表现近年来高圆圆开始活跃在时尚圈更成为各大时尚杂志封面的常客自从年高圆圆亮相米兰时装周惊艳海内外各大媒体她也成为每年时装周各大品牌力邀的秀场前排嘉宾亮相的每个造型都能成为媒体关注的焦点	高圆圆本次穿着的系列透露出浓浓的巴黎式时尚气息不论是帅气剪裁的大衣搭配经典碎花飘逸连衣裙还是紧身亮片裤子搭配与经典白色恤叠穿的宽松罩衫亦或是波西米亚风格长款毛衣外套搭配扎染印花长裤都展现出一种简约优雅却又不失精致的巴黎都市风情更将高圆圆独有的清丽脱俗的气质展现的淋漓尽致	系列借鉴设计师设计生涯中的经典挚爱作品打造出融贯各种风格的衣橱必备系列恤运动衫正装外套连衣裙厚针织衫性感皮靴和波西米亚风配饰囊括了现时女性所需的一切着装元素每款都可互搭皆因确信风格就是个人态度的表达她鼓励穿衣者自由诠释自己的个性该系列包括女装男装青少年装及配饰将于月日在部分门店进行发售上一页下一页将本文分享到关键词高圆圆巴黎更多关于高圆圆巴黎的文章宣布张艺兴成为品牌大中华区男装代言人前往亚利桑那州野外展示其工作室的全新系列时装在抢购今年的合作系列之前先來看看＆和大牌设计师联名合作的历史与携手推出今秋衣橱必备印花系列巴黎时装周明星秀场前排亚洲剪裁系列长裤专为亚洲女性设计
4,近日三星盖乐世官宣三星馥郁红国行版即将上市为国内用户再添优质精品在刚刚过去的月中苹果产品销量出现大幅下滑不过随着需求逐步恢复该数据将在四季度大大减少同时还有更多令人惊喜的好消息让我们一起来看看吧◎瞬间女神同款三星馥郁红国行将上市月日晚间三星盖乐世发布微博称国内星粉们将于五月感受到红的温度带来的震撼即三星馥郁红国行版即将上市这一消息不仅为国内用户带来又一个优质选择也为该色号机型代言人的国内粉丝提供了一个最佳应援通道早报点评女神色号终于来了期待期待◎彭博社最新报告显示月销量同比下降月日彭博社报道了市场分析机构最新市场研究情况据报告内容显示受疫情大流行影响苹果系列产品月销量同比下降环比下降由此可见月销量不仅较去年同期出现大幅下降较上一月份的下滑趋势也较为明显早报点评相信销量很快就会得到恢复◎苹果将在中国台湾建造和工厂月日消息显示苹果公司正计划投资亿新台币约合亿美元在中国台湾新竹科学园区开设新工厂据悉苹果将与供应商和合作并通过该工厂生产制造和屏幕早报点评期待苹果能给用户带来更好的视觉感受◎特斯拉四月在华销量疲软相比三月下跌近近日有消息称特斯拉四月份在华销量仅辆相比于三月份销量下降了将近据猜测销量下降可能的原因是国产长续航版本车型的推出以及新补贴政策的出台导致消费者有了对国产车型进一步降价的预期致使该车销量出现明显下跌早报点评暂时性下降是为迎接未来的大幅增长
2,乐扣乐扣携手百诚集团大举进军智能家居领域随着技术商业加速落地智能家居已经逐渐成为未来智慧家庭领域的风口近日全球知名生活用品品牌乐扣乐扣与国内大型家电销售平台型企业浙江百诚集团签订战略合作协议未来五年双方将在智能家居领域进行全方位合作重点打造智能卫浴智能门锁智能晾衣架等智能家居产品资料显示乐扣乐扣品牌隶属于韩国乐扣企业该企业是专门生产新概念密封容器的现今正向全世界多个国家出口产品乐扣乐扣注册于年从年月开始进入中国市场进入中国市场以来乐扣乐扣凭借四面锁扣保鲜容器打开中国市场成为家喻户晓的厨房及生活用品品牌加码环保宜家在广州举办循环材料之旅活动后疫情时代人们持续加大对环境及可持续生活方式的关注近年来宜家家居致力于在有限资源中探索更多可持续打造循环和气候友好型业务创造一个更少浪费让有限资源得到循环使用的品牌月日宜家家居在番禺商场举办了一场循环材料之旅活动通过一片废纸板的回收旅程介绍宜家在循环材料循环产品设计以及绿色运输等方面的应用投资亿亚士创能拟在重庆投建西南综合生产制造基地月日亚士创能科技上海股份有限公司以下简称亚士创能发布公告称为满足公司西南区域市场的战略布局需要公司与长寿经济技术开发区管理委员会签署了及计划在重庆市长寿经济技术开发区投资建设亚士创能西南综合生产制造基地原文网址乐扣乐扣携手百诚集团大举进军智能家居领域
8,为什么马会打滚儿马打滚一般有四种原因为了娱乐为了自我打理为了缓解疼痛和不适为了休息如果马所处的位置不存在危险和不合适就要允许他们打滚这是驯养马自娱的方式之一所以让他们享受这个过程不要担心打理工作白做了我怎样才知道何时我的马要打滚了呢马会有以下特征的事情兜圈子踱步用鼻子吹走尘土刨地轻轻屈膝或向一侧倒如果你处在不适合或较危险的情形不适合马打滚比如在比赛或者正在骑乘就要仔细观察马的这些行为为马打滚做好准备为什么我的马只有卸鞍后才打滚马卸鞍后打滚是为了放松汗液干燥过程中的刺激用尘土来干燥汗液马身上的尘土实际扮演了一个保护层的作用防止被蚊虫叮咬马喜欢在哪里打滚马群中的马往往共享同一个地方打滚他们通常每次都会到同一个地方打滚当你看到马用鼻子吹扫地面时它实在检查打滚的地方有没有碎片有没有充足的使它舒服的尘土你知道吗马打滚的方式是马健康情况的一个指示一匹拥有健康强壮背部的马会有力的从一侧转到另一侧期间不用站起当一匹健康的马打完滚站起后往往会小跑以下或者起扬几次有一些肩很高的马会倒下有力的往一侧打滚然后站起后马上倒下往另一侧打滚这是健康的行为不用担心这些马不得不站起来是因为它的结构不允许一次完成一匹不健康的马或者背部很弱的马可能一侧简单打完滚就会站起来然后走开一会儿不会立即倒下向另一侧打滚有些不健康的马是拒绝打滚的如果马拒绝打滚的话这时你就要告知您的兽医来检查马看看是不是背部疼痛还是其它问题马打滚在马健康中扮演了一个很重要的角色当他打滚时她会舒展脊柱脖子腰部和两侧的所有肌肉打滚能帮助马保持身体的灵活性和健康很多马主会定期的将马匹带出去到沙地打滚保养良好的沙地场地是马打滚的安全场所马儿也很喜欢
0,月日郑商所就纯碱期货合约和规则制度面向全市场公开征求意见根据公布的征求意见稿纯碱期货合约的交易代码为交易单位为吨手最小变动价位为元吨每日价格波动限制为上一交易日结算价±最低交易保证金为合约价值的最后交易日为合约交割月份的第个交易日最后交割日为合约交割月份的第个交易日纯碱期货基准交割品为符合Ⅱ类优等品的重质纯碱且氯化钠含量以干基的的质量分数计无替代交割品据记者了解纯碱期货交割方式为仓库交割和厂库交割其中厂库交割采用送货制郑商所拟以河北为基准交割区域湖北为非基准交割区域升贴水设置为元吨仓单类型为通用标准仓单有效期为两个月每年月月月月月月第个交易日不含该日之前注册的标准仓单应当在当月的第个交易日含该日之前全部注销风险控制方面纯碱期货合约对期货公司会员不限仓对非期货公司会员和客户的一般月份持仓采用按合约持仓量比例限仓和绝对值限仓相结合当合约单边持仓量大于等于万手时按单边持仓量的确定限仓数额当合约单边持仓量小于万手时按手绝对量确定限仓数额交割月前一个月第个日历日至交割月前一个月最后一个日历日限仓规模为手交割月份限仓规模为手市场人士表示近年来纯碱现货市场波动较大上下游产业链避险需求强烈科学合理的合约规则设计和风险控制管理办法是纯碱期货平稳运行的基础将为发挥纯碱期货服务实体经济功能起到重要作用
1,萬橡悦府昌平新楼盘萬橡悦府项目在择址之初就做到人本考量珍视稀贵的土地尊重历史文脉远见城市板块价值占位大中关板块核芯腹地高科高教产业云集随着中关村北延形成海淀大中关高精尖科教产业格局的衔接同时更与区域多个重点功能区的城市资源一脉串联未来发展潜力不可估量萬橡悦府位于北京市昌平区回昌东路在售住宅产品年产权萬橡悦府在售户型建筑面积为两居平四居平均价约元平总价约万元套起萬橡悦府地址位于北中轴之上大中关板块与扩容后全新未来科学城板块交汇点将两大板块的核芯价值一宅私藏其中大中关板块聚揽海淀高新技术产业发展带中关村科学城及永丰产业基地且与七里渠板块接壤两板块教育商业交通等资源互通而扩容后的未来科学城更是收纳北京科技商务区沙河高教园区及小米产业基地于一体疆域扩大倍伴随着区域内众多高科技产业的入驻与建设势必带来巨大的产业优势和经济效应发展更具潜力欢迎来电咨询敬请关注萬橡悦府昌平元平米限竞房公园地产科技住宅拨号立享优惠
6,­切实开展批评和自我批评勇于揭露和纠正工作中的缺点错误坚决同消极腐败现象作斗争­相信很多人对民主生活会上的表扬与互相表扬记忆犹新一些党员抱着批评领导怕被为难批评同事怕失人缘批评下级怕丢选票的思想对上级放礼炮对同级放哑炮对自己放空炮搞好人主义形式主义使党内政治生活庸俗化随意化平淡化削弱了党内监督的实效­针对在管党治党建设党中存在的问题习近平总书记在十八届中央纪委六次全会上强调要让批评和自我批评成为党内生活的常态成为每个党员干部的必修课­批评和自我批评是我们党的三大作风之一是每位党员必须继承并身体力行发扬光大的党的优良传统为此党章规定的党员必须履行的八项义务之一就是切实开展批评和自我批评勇于揭露和纠正工作中的缺点错误坚决同消极腐败现象作斗争­批评和自我批评作为党内政治生活的基本形式在我们党发展壮大的光辉历程中发挥了巨大作用早在年毛泽东同志就提出要用批评和自我批评的方法解决党内和革命军队内的各种矛盾后来将其视为同志间互相监督促使党和国家事业迅速进步的好办法邓小平同志强调在党委会里面应该有那么一段时间交交心真正造成一个好的批评和自我批评的空气也规定各级党委或常委都应定期召开民主生活会交流思想开展批评和自我批评­一些老一辈无产阶级革命家更是从我做起身体力行陈毅同志就曾毫不讳言地说要是我看着你们犯错误不帮助我还够得上一个共产党员吗我要对党负责面对言多必失小心行事的劝告他说我要是害怕这些我这个共产党员的晚节就会发生问题就靠不住了要是我心里有话不讲出来就不老实­可以说在革命建设和改革时期批评和自我批评使我们党团结了同志克服了困难解决了矛盾不断实现自我净化自我完善自我革新自我提高保证了党的肌体健康­今天在全面从严治党的形势和任务下开展批评和自我批评继续发挥着重要作用随着党的群众路线教育实践活动和三严三实专题教育深入开展以及对监督执纪四种形态特别是用好第一种形态的实践探索动真碰硬有辣味红脸出汗触灵魂的批评和自我批评在很多地方呈现但也有党员干部不敢坦诚指出或大胆批评同志身上的缺点错误这实际上是党章意识淡薄党员义务模糊缺乏责任担当的表现结果可能既害了自己又耽误同志最终伤害的是党的事业­那么党员该怎么做首先要通过学习党章树立履行党员义务的政治责任感这样可以生发出勇气激励起自己的担当精神当看到有同志经常和商人老板沉溺在一起时当看到有同志经常出入高档娱乐场所时当看到有同志准备大操大办孩子的婚宴时党员干部应及时提醒大胆指出这才是对同志的关心和爱护即使有时批评有辣味会带刺使同志一时接受不了也须坚持原则不当老好人不姑息纵容只要实事求是出于公心态度诚恳不带个人恩怨利害亲疏相信也能得到同志的理解和信任当然批评别人的过程也是检省自己的好机会党员干部应借机省身多问几个别人身上的问题我有吗并敢于正视积极改正自己的缺点错误使批评和自我批评真正发挥防身治病的作用批评和自我批评开展得如何是衡量党内政治生态的温度计坚持全面从严治党实践好监督执纪四种形态就必须保证每一名党员都能正常履行这项义务敢于善于使用批评和自我批评这个武器对此今年月日起正式施行的在这方面有明确的纪律保障其中第七十一条就把对批评进行阻挠压制或将批评材料私自扣压销毁的行为或者对批评人打击报复的行为作为违反组织纪律的行为并根据情节轻重分别作出处分规定情节严重者将被开除党籍责任编辑郑莉莉
7,今日电影乘坐欲望战舰降临帆船之都青岛展开路演行动导演张鹏携主演吴磊张艺上图卡悉数亮相活动现场众主创用青岛话同到场粉丝打招呼并对现场观众表示感谢吴磊表示青岛有家的感觉非常亲切与粉丝相约月日影院不见不散更现场表白粉丝引发全场高潮吴磊张艺上追忆剧组年华南瓜人图卡展示团宠魅力活动现场吴磊和张艺上回忆起入组时的场景都表示最初是被的剧本吸引进组后看到了场景道具震撼不已也感受到团队虽然庞大但人与人之间的协作非常棒更感激导演和制片方选择自己在电影中吴磊有骑马飞奔的戏份吴磊也在活动现场曝光了自己最喜爱的事情前三名第一拍戏第二打篮球第三骑马骑马是从小到大都热爱的运动因连轴活动而身体不适的图卡也收到了粉丝的关心暖心叮嘱图卡多喝水而吴磊不仅贴心为图卡举话筒还表示图卡虽是虚拟人物但却已经和我成为哥们好兄弟之间还玩起剪刀石头布的游戏吴磊戏称跟图卡玩剪刀石头布图卡只能出布永远都会输现场粉丝高呼让图卡赢一局有趣互动引发全场笑声连连主创团队共同期待过来人吴磊叮嘱粉丝好好学习电影三部曲涵盖了天界人界阿修罗界魔兽界饿灵界和炼狱界这六界第一部主要着墨了人界天界和阿修罗界对此观众纷纷猜测是否还有续集活动现场导演张鹏对此疑问给予了回答只要大家支持肯定还会有续集而吴磊则坦言希望自己可以有更多动作戏一解中只能挨打的被动局面张鹏导演在现场毫不掩饰的表达对吴磊张艺上新生代演员的喜爱夸赞吴磊张艺上是好的演员不是明星直言中国电影未来无可限量吴磊的将来也是无可限量的以全国第一的成绩考入北京电影学院的吴磊不忘叮嘱粉丝要好好学习并表示在大学期间他也会好好学习今后继续接好戏成为一个好演员引发现场粉丝高呼你已经是个好演员了由张鹏导演吴磊梁家辉刘嘉玲张艺上冯嘉怡明道董琦多布杰图卡等联袂出演的奇幻电影各大城市路演活动正在如火如荼进行中影片将于月日重磅登场敬请期待
5,痘痘肌肤比一般肌肤老化的更快大多数痘痘肌肤都存在炎症问题所以肌肤表面会有红包但在肌肤深层一个更严重的问题也同时在发生那就是肌肤老化加速炎症会促使肌肤中产生尿激酶这种物质会扰乱细胞的生长环境影响细胞寿命在改善痘痘肌肤的各种问题时一方面要选择含有水杨酸金缕梅等成分的产品促进角质代谢加速愈合痘痘另外更建议搭配使用含有烟酰胺玻色因果酸维生素维生素的产品改善皮质氧化防止肌肤过快衰老产品推荐微肌因赋活修护精华霜前一晚使用让肌肤从早晨起开始柔软有活力散发自然光采持续使用能够减淡细纹令肌肤更加紧致细滑紧实且更富光泽朴博士寡肽冻干粉对盒新型纳米技术提纯萃取精华直达肌肤底层能去痘印改善暗沉解决毛孔粗大肌肤松弛易敏感缺水粗糙暗沉等问题突破传统护肤方式温和安全的给肌肤美容玉兰油新生塑颜臻粹修护精华露专利配方特含奇迹胜肽科技搭配智研肤感科技快速沁透重启肌肤新生呵护紧致小脸怡丽丝尔优悦活颜焕能抗皱精华液对毛孔粗大失去弹力等肌肤烦恼进行集中护理通过出色的保湿效果调节肌肤纹理缩小毛孔细微颗粒包覆肌肤有效成分缓缓渗入肌肤切实感受到水润弹力美肌赫莲娜澄光肌活精华乳液先锋科技打破护肤与彩妆的传统界限三次分时释放无需补妆至美全日定格添加热能活性精纯助推加乘前序护肤品的功效
7,在梦幻西游三维版中摆摊是经典的玩法玩家可以把自己不要的东西放在摊位上出售而有时候玩家也可以去这些地方淘宝贝比如有些人上错价或者不识货那就是赚翻啦梦幻西游三维版摆摊攻略通过主界面上方的商城进入商城系统画面右侧标签切换摆摊这是游戏中的商品流通中心也是追梦人进行交易的地珍品宠物珍品装备高级兽决低级兽决普通药品普通烹饪制造符任务道具奇珍异宝装备打造七十二变采集物衍生物秘卷食谱精修药品精修烹饪知交礼物法宝等都可以进行交易在摆摊界面点击我要出售点击添加即可选择待售物品或宠物目前最高可同时出售个道具物品上架后会进入公示期在此期间物品不可被购买如果在物品中看到价格低廉非常实惠的商品可以点击关注物品之后直接在关注页面进行浏览购买比较方便快捷
8,娱乐圈首位以满族格格身份出道发行满汉双语专辑出演映象电影出演电影女一号出道不满三年隽子哥向娱乐圈交上了一张耀眼的成绩单近日这位满族美少女又加盟电影剧组饰演与努尔哈赤有一段恋情的满洲第一美女东哥本剧由著名作家张慧敏女士的同名历史小说改编当记者问到张慧敏女士作为满族题材的作品和近来其他同类型的作品有什么差别时张老师表示和清宫剧有本质的差别银幕大家知道的满族文化多来自于清宫剧对于满族文化大家的认知都停留在清朝而的故事是讲述明末清初努尔哈赤与东哥的爱情故事每一位帝王都是普通人在帝王背后还有很多令人动容值得挖掘的故事所以我希望大家能通过这部作品看到不一样的满族文化这部作品的名字也颇有深意东哥作为努尔哈赤身边出现的第一位恋人东哥的命运却不能自己把握老女也恰如其分地描述了东哥这个角色整部作品以努尔哈赤统一女真各部落为主线讲述东哥陪伴在努尔哈赤身边从豆蔻年华到白发红颜的故事在作品的结局东哥的命运也是出人意料此剧拍摄过程也是一波三折骑马射箭清朝的礼仪等等都在考验着隽子哥但作为一名专业演员隽子格在满族文化专家的帮助下不仅仅练就了一身绝技也将东哥演出的层次演出了灵魂作为九零后推广满族文化的使者隽子哥表示满族文化其实不仅仅是清朝的文化更是满族先民们共同创造的文化只是因为满族建立过王朝而且现在戏说清宫戏太多相反像这样的历史正剧不多隽子哥表示大家通过才会真正了解满族入关前的很多文化是一部具有文化传播的历史正剧
3,光明日报记者靳晓燕唐芊尔编者按刚刚过去的毕业季万高校毕业生走出校园迈向人生新的航道科研助理特岗教师参军入伍互联网创业复杂严峻的就业形势之下国家出台了一系列保障政策推出了新岗位新机会让这届毕业生的人生选择更加多元更具个性开启人生新阶段的高校毕业生他们在求职中经历了怎样的磨砺在选择中坚守了怎样的初心让我们记录他们鲜活的就业故事记述他们勇敢的人生选择回应他们的困惑迷茫勾画在定位人生新坐标的过程中新一代年轻人展现出的不一般的精神特质月日西安交通大学届毕业生在毕业典礼后拍照留念新华社记者李一博摄突然就这样了北京师范大学应用心理学临床与咨询方向届硕士研究生戴佳航说这又何尝不是她的期待怎样呢非标准就业在外人看来那是飘着的状态极度不稳定一边兼职一边创业喜欢一份工作比找一个安稳的工作更令人神往心理上不想毕业的她和小伙伴一起成立了心理咨询工作室我们工作室还没有固定的场所疫情让人们习惯了网络咨询如果有面询就会到一个可以出租的地方静静地谈戴佳航说我们包含了除她之外的位硕士研究生封浩然李蕴陈文思张竞一黄筱于昕怡追随心的方向心理咨询是我们热爱的事业助人是我们的习惯天赋和激情所在有些时候当痛苦涌来人陷入黑暗就会看不见自己原本的力量我们想做的事情就是和你一起重新帮你看到自己的光这是他们的畅想他们是万年高校应届毕业生的一员在这个特别的季节拥有一份适合的工作对每个人来说都是一份幸运一段磨砺伴随毕业生数量创新高新冠肺炎疫情暴发就业环境复杂求职难度加剧就业形势让人关注走出艰难的时刻找寻光的方向无论是就业还是创业无论是坦途还是挫折如同在写一篇自传的开头希望的担心的迷茫的他们用辛勤的劳动用青春的豪迈用无畏的勇气丈量未知的生活月日武汉首场高校毕业生线下招聘会在江汉大学举办新华社记者程敏摄追寻我们内心温度的光芒不仅能照亮他人还能照亮我们自己我们需要梦想说不定哪天就实现了目前兼职的项目结束要等待下一个项目戴佳航说这意味着空白期没有收入为什么不找一个固定的心理咨询机构按照目前自己的咨询背景想要入驻一个专业心理咨询机构可以说希望渺茫于是倔强的戴佳航给了自己一个机会创业曾经在一起的个小伙伴分散在城市不同角落有各自不同的职业梦想又把他们聚在一起她喜欢自己的专业疫情暴发她成为学校防疫心理援助团队的一员参与到网络心理辅导中我会用一些苏格拉底提问的方法引导来访者一步一步去分析当你真真切切地感受到对死亡的恐惧等这场疫情过去你要怎样去生活这也是说给自己的她清楚地知道自己要做什么设想更多心理健康产品可以落地生活是有压力但也是值得期待的耳边是她的笑声北师大心理学部的老师们都在帮我们转发推送并且加油鼓励我的导师侯志瑾教授还特别告诉我们记得要注意专业伦理在专家眼中他们的这种非标准就业或将成为未来的新常态不少青年对就业的态度发生转变将自己的兴趣爱好放在第一位事情都按照自己喜欢的方式和节奏去做偏好自由职业自主创业非全日制工作等非标准就业方式中国社会科学院大学硕士毕业生张润泽也在经历自主创业初期的磕磕绊绊以为一夜白头只会在影视作品中出现不承想他自己在半个月内长出了特别多白头发参照系的成功是别人的落在自己身上每次豪情万丈之后总要有不期而遇的熄灭之火初创成员出走资金链断裂贷款压力毕竟大学生创业缺乏管理运营的经验一开始大家只有一个理想然后开始做事但机制其实并不健全不成熟他反思凌晨三四点才能睡着早上点多就起来白天也没有休息那段时间他会选择性地回避父母的电话和关心选择创业包含着更多的责任对公司对合伙人对员工这样的责任会驱使你即使再困难的时候也要继续坚持下去张润泽说月日内蒙古年高校毕业生百日攻坚现场招聘会首场招聘会在呼和浩特举行丁根厚摄光明上学期间他曾带领团队参加大学生创业大赛获得北京市高校大学生优秀创业团队称号他本人也获得中国社科院大学研究生突出贡献奖有了第一步尝试的经验创业顺理成章和志同道合的朋友成立了以＋社会科学技术为主要研究对象的科创团队并开展产业化运营我们的核心就是计算社会科学这也是国家现在提倡的新文科的一个重要方向他们开始施展拳脚布置调研任务确定战略框架研究产品寻求社会资源支持商讨资金来源和戴佳航一样张润泽对学校有着无比的信任社科大有创新创业的固定培养机制对项目发展起到特别大的推动作用当时教务处熊水和老师负责我们的项目张树辉副校长帮我们梳理项目的价值观念发展体系帮忙联系专家学者对接相关市场渠道项目入选北京市大学生创业园的中关村软件园在疫情期间软件园提供免费的办公场地企业服务宣传推广和资源对接目前来看公司运作得比预想的稍微好一点我们在自主研发的计算社会科学智能决策集成技术基础上开发了三款比较典型的落地应用他更加理解责任二字作为中国青年要有报国的理想要有体现社会价值的情怀在当前复杂的国际形势之下能为国家智库的决策贡献一份我们的力量创业张润泽给自己的期限是三年如果到时候没有达成预定的目标我有可能会另外再创业带着热情遇见温暖全力以赴奔向前方可以看到自己的光彩选择千万不要因为一次次怀疑而放弃我渴望奋斗希望趁着年轻能有机会去接受挑战怀疑放弃思量奋起一路走来阿栋化名终得所愿在北京理工大学度过年时光毕业后将到华为上海研究所智能汽车解决方案单元工作华为的核心理念就有以奋斗者为本我渴望奋斗阿栋的兴奋溢于言表和大部分本专业毕业生不同阿栋没有选择去研究所工作他的研究方向是激光雷达应用比较热门的应用领域就有无人驾驶因此在找工作时除了投递少数几家有这方面研究需求的研究所外他更多地找了研发无人驾驶技术的公司在他的认知里公司比研究所更累更需要去拼搏去挑战我本身不是一个喜欢安逸的人希望趁着年轻能有机会去接受挑战虽然在秋招中就斩获华为的但阿栋告诉记者其实我也错过了很多好的机会阿栋说在研二快结束的时候许多公司都有提前批的招聘自己遗憾地错过了求职过程也不是一帆风顺就业方向缩小到无人驾驶投递的公司范围大大减少同宿舍室友投递了近百份简历而他大概只有份其中有面试机会的可能就一半热门的一些大公司都把他拒绝了月日安徽亳州举行年高校毕业生校企对接专场招聘会家用人单位提供了个就业岗位刘勤利摄光明面试也时常让阿栋对自己产生怀疑让他印象深刻的是一家公司的技术主管面试时和他聊了一个多小时把专业基础知识逻辑思维能力等各方面的问题都问遍了面试官的提问让阿栋发现自己的基础知识并没有想的那么牢固这对我的打击是很大的但帮助也是很大的他问的问题我事后进行了总结在之后的面试里遇到我就能轻松答出来阿栋认为乐观的心态是必需的千万不要因为一次怀疑而放弃有可能你跟这一家公司没有缘分但下一家公司可能会觉得你是一个特别优秀的人就会给你工作的机会尤其是在现在这个环境下能拿到华为的在阿栋看来其实是利用了专业的优势有可能是这个部门缺少既懂光学又懂部分代码的人未来无人驾驶肯定是一个大的趋势我特别想进行这方面的研究为真正实现无人驾驶贡献力量阿栋有着一股子冲劲对即将到来的奋斗的日子充满期盼后大学生孙延婷在家门口创业开办一家菜鸟快递驿站为社区居民免费保管分发快递新华社记者李博摄心有所信方能行远没有太多犹豫家乡在河北就读于新疆石河子大学文学艺术学院的赵强留在了新疆华山中学铁门关分校当老师赵强岁来到新疆上大学岁在大学参军还是保卫新疆在去学校面试的路上看到一个小区叫河北花苑路上还有好多建筑都写着河北作为河北人感觉很亲切后来知道铁门关市是由河北省援建的在这里工作既能为家乡作贡献又能扎根边疆为这里的教育事业献一份力我是音乐教师音乐可以表达情感调节心情希望我的音乐课可以成为学生展示自我的平台写教案备课赵强等待与他的第一批学生相见悄无声息处生活充满了细微的转折踏实而沉稳地走上征途未来更明晰更具体转机疫情确实给找工作带来了影响但是也带来了新生最大的感悟就是永远都要学习保持与时俱进就是工作中最大的优势太多的不确定詹宏宇一度迷茫他不知道自己到底适合做哪一行一度自卑自己学历不高没有太多竞争力就读于浙江越秀外国语学院数字媒体设计专业的他经常担心毕业即失业会落在自己身上学校朋友家人推荐工作招聘他都尝试过简历投了十几家然后就没有然后了音乐成为平复他焦躁心情的良药为的是有勇气走出下一步后来他到一家影视公司实习疫情期间全国很多影视公司倒闭了压力处处可见我可以很清晰地感觉到每个人身上的压力不论是董事长还是导演这是在学生时代从未体验到的公司总共多个人裁掉了个人我是一个实习员工被裁掉的可能性很大但最后我留了下来上学时他做过驾校的校园代理在苹果授权店做过销售帮酒店做过微信小程序在学校的创业园创过业这些经历带给我的一些实践经验真的很受用他现在负责新媒体运营从文案到排版从剪辑短视频到分镜策划也开始做些和剧组有关的事务一个人做两到三个人的事情忙得不亦乐乎有些许后悔上学的时候我把更多的时间花费在了创业或者是别的项目上没有好好地去学习今天的他更珍惜这份工作把工作当成学习生活依然可以欣欣向荣有一天终将成为自己喜欢的模样月日三峡集团长江珍稀植物研究所新入职的应届毕业生在温室育苗棚内观察新引种植物的生长情况新华社发疫情之下有转机往年毕业季在武汉不好找工作的今年却变得容易了在武汉就读环境艺术设计专业的张艺潇留在武汉成为一名运动康复师刚上大学时自己比较胖就研究减肥饮食同学们都考计算机教师资格证我就考营养师证后来饮食上遇到了瓶颈就开始运动系统地学习了运动健身解剖学运动生理学一路从国内认证考到了国外认证就这样业余爱好成了职业招聘会改成线上发布和同学聊天的时候发现今年的应届生对湖北的工作都不大感兴趣了她偏偏选择了武汉其实家里人更希望她在北京或者天津找工作这样离家乡秦皇岛更近些对比一下这个行业在武汉和北京的工资差不多但开销就是天壤之别如果留在武汉就业补贴租房补贴还有落户政策都挺不错的为工作忙碌的张艺潇很有信心永远都要学习保持与时俱进就是工作中最大的优势现实慢慢向好最新发布的年第二季度应届生就业市场景气报告显示中国就业市场景气指数由月份的上升至月份的工作人生自立的开始一切都还来得及或许还有毕业生在寻找的路上会有崎岖甚至伴随痛苦或许某一时刻耳畔会响起离别时老师们的叮嘱与期待在命运的征途上坚定前行在命运的激流中奋勇搏击洞悉变化了的就业市场在新的就业趋势前转变心态众多新业态新模式新领域将成为新的机会道路在前迈开大步年轻的追梦人破浪前行吧年月日版责编李宜蒙
7,熟悉手机圈的朋友都知道以前两个手机厂商在同一天召开发布会的情况时有发生这时候就比拼谁的人气更高营销能力更强了然而在当前这个特殊时期你依然能看到类似的景象月日红魔和三大品牌齐齐召开新品发布会网友直呼手机圈大撞车了红魔和发布会具体来说将发布的新机是系列包含和两款而据小米印度业务总负责人在推特上放出的预告这将是有史以来最大的线上发布会红魔游戏手机不用多说官方已经爆料的差不多了这款手机会在月日晚点正式发布骁龙运存超大运存刷新率屏幕风冷液冷双散热设计触控肩键风冷涡轮快充等参数顶到极限真我此前已经在国外发布具体配置大家也都了如指掌比如超级闪充万像素鹰眼变焦四摄骁龙移动平台内存技术等不过这场发布会最令人期待的还是价格官方称真我的起售价为元不知道能不能香过友商的产品
6,新华网北京月日电中共中央政治局常委国务院副总理张高丽日出席在北京召开的京津冀及周边地区大气污染防治协作机制第四次会议并讲话张高丽强调要认真学习贯彻习近平总书记关于生态文明建设的重要讲话和指示精神学习李克强总理重要指示要求按照党中央国务院决策部署加强协作联防联控在推动京津冀协同发展中有效治理大气污染张高丽在听取京津冀及周边地区七省区市和环保部负责同志的发言后指出加强大气污染防治是推进生态文明建设的重大任务大气十条出台以来京津冀及周边地区大气污染防治协作机制有效运行重点治理任务有所突破大气污染防治工作责任落实体系基本形成环境监管执法手段更加有力基础支撑工作不断夯实工作成效正在逐步显现年京津冀及周边地区地级以上城市平均浓度同比下降今年－月份同比下降但我国大气污染形势依然严峻复杂解决这个问题是一个长期艰巨的过程要继续落实大气污染防治行动计划逐渐消除重污染天气切实改善大气环境质量不辜负人民群众殷切期望张高丽强调做好大气污染防治工作必须全面推进重点突破抓住治理工作的牛鼻子要坚决落实在生态环保等领域率先取得突破全力推进燃煤控制一手抓煤炭减量一手抓散煤替代强化煤炭清洁化利用加强重点行业综合治理大力压减过剩产能积极推动燃煤电厂超低排放改造大力开展工业企业挥发性有机物综合整治强化机动车船污染控制保持黄标车淘汰高压态势加快油品升级进程鼓励使用新能源汽车开展港口应用清洁能源试点示范加强面源污染控制强化扬尘管控推进秸秆综合利用要做好重污染天气应对建立区域应急联动机制张高丽要求各地区有关部门和单位要落实责任强化保障确保目标任务圆满完成要加强工作监督考核定期通报各地空气质量改善情况对不降反升的地区进行预警约谈深化区域协作划定大气污染防治核心区建立对口帮扶机制做好抗日战争胜利周年重大纪念活动空气质量保障严格环境执法监管严肃查处环境违法行为加大资金支持力度确保政府投入用在刀刃上积极推进全民参与培育绿色生活方式形成同呼吸共命运的良好氛围中共中央政治局委员北京市委书记郭金龙主持会议责任编辑郑莉莉
4,近期一加系列渲染图频繁在网上曝光而且该系列手机还有望搭载高通骁龙高刷新率屏幕无线充电等一系列强劲的配置这也让大家愈发地期待该系列手机将会在何时发布一加系列有可能在月日发布月日据外媒报道称一加系列可能将于月日发布但可能只有一加和一加两款机型而一加可能会延期将在今年晚些时候发布另外一加系列发布会也将采用线上发布的形式举行一加渲染图在配置上一加和一加均将搭载高通骁龙和支持高刷新率屏幕而后者的刷新率有望达到另外一加将后置四摄组合提升自身的成像效果值得注意的是这款手机还将内置电池并且有可能会支持无线充电
7,公主连结游戏中目前已经开启了探索掉落量倍庆典玩法本次活动中玩家们有很多的资源可以收益对于不氪金的玩家是一个难的的机会所以这个活动玩家一定要了解下那么探索掉落量倍庆典怎么玩呢下面和小编一起来看看玩法吧公主连结探索掉落量倍庆典玩法攻略月日起游戏内将开启「探索」掉落率倍庆典庆典期间完成探索中「经验值关卡」和「玛那关卡」后获得的报酬为通常的倍通过参与庆典可以大量获得强化角色的玛那及经验道具还请不要错过哦庆典期间～对象关卡经验值关卡玛那关卡任意等级的经验值关卡玛那关卡均包含在庆典开展的对象关卡中注意事项玛那探索关卡中金币的掉落量同样为倍扫荡赠礼使用扫荡券后获得的特别道具以及星条件通关时的报酬不在庆典对象中「探索」的详细说明请在游戏中通过「菜单」→「帮助」内的「探索」中进行确认上述日程如有变更我们将第一时间于各大官方账号告知大家欢迎骑士君们关注我们的官方微博微信和动态公主连结
6,原标题神风申遗是侮辱人类良知对于安倍等日本右翼势力为军国主义招魂的新造神运动世界应该明言无视累累白骨申遗是可耻的想象一下如果德国某个官方机构宣布将把希特勒名著申请登录为世界遗产世人会有何反应一些日本人正在尝试类似举动日本鹿儿岛县南九州市近日宣布将二战期间日军特攻队员的遗书向联合国教科文组织提请登录为世界记忆遗产这是日本历史修正主义者美化侵略历史礼赞军国主义的最新创举更是对世界记忆遗产的侮辱和对人类良知的挑衅这批遗书收藏在南九州市的知览特攻和平会馆二战末期负隅顽抗的日本帝国军队组织神风樱花富岳等特攻队向盟军发动大规模自杀性攻击知览便是当年日本陆军航空兵特攻队向太平洋美军攻击的出发基地会馆收集有上千名特攻队员的遗像遗书遗物等此次日方准备遴选出件遗书日记等准备申请世界记忆遗产特攻是日本军国主义穷途末路下的疯狂之举堪称近代战争史的一大怪胎年轻而狂热的特攻队员既是军国主义的中毒者更是侵略战争机器的一部分我曾参观知览特攻和平会馆满目都是军旗军刀血书一众遗书中玉碎报君天皇尽忠等字眼随处可见会馆虽冠以和平字样但馆内解说文和解说员却表现出对特攻队员的十足溢美和尊崇翻阅日本观众留言感动同情崇敬等占了绝大多数几乎不见对侵略战争的反省和批判联合国教科文组织已经认可的世界遗产中不乏反省战争呼唤和平的例子最负盛名的便是暴露纳粹罪行的波兰奥斯威辛集中营在日本在反省战争的村山谈话发表一年后广岛原子弹爆炸穹顶获准登录为世界文化遗产这一时机也并非偶然韩国则正在准备将从军慰安妇申请为世界记忆遗产也是基于对日军二战暴行的揭露然而安倍政权上台后日本历史修正主义势力把持朝政不断假和平之名行美化侵略战争之实不仅对侵略历史毫无反省如今还企图通过申遗等舞台向全世界扩散诸如特攻玉碎那样的病态美学给军国主义分子涂上悲情色彩无独有偶今年月安倍政府向联合国科教文组织申请将明治日本产业革命遗产群列入世界文化遗产而这些所谓遗产中既包含有曾奴役中国和韩国劳工的矿区也包括日本帝国海军造船厂等见证日本军国扩张历史的产业遗迹有韩国媒体指出日本官方的这一系列申遗举动折射出安倍政权的军国主义病已经病入膏肓德国哲学家西奥多·阿德诺曾有一句经典警语奥斯威辛之后写诗是野蛮的对于安倍等日本右翼势力为军国主义招魂的新造神运动世界应该明言无视累累白骨申遗是可耻的雍浩责任编辑
2,地暖是安装在地下的在寒冷的冬季使用地暖取暖会非常的舒服目前市面上地暖有很多品牌其中暖先森的石墨烯地暖很受大家喜欢下面一起来看看暖先森石墨烯地暖价格暖先森品牌简介暖先森总部位于光谷科技园区生产基地位于鄂州市葛店开发区东湖高新智慧城拥有数千平米的生产基地公司专业从事电采暖材料研发生产设计销售安装售后于一体化的生产型企业主营产品有石墨烯发热膜石墨烯合成纤维发热线石墨烯发热集成墙群石墨烯发热墙画高中低自限温防水电热膜智能控制供暖系列产品产品已广泛用于房地产住宅小区办公楼酒店学校医院工厂种植业养殖业等暖先森超导强热石墨烯地暖产品以其热效率高节电无电磁辐射不干燥不衰减不燃烧无污染安全舒适等特点深受大众喜爱暖先森石墨烯地暖价格地暖大家都很熟悉是一种常见的取暖产品而石墨烯地暖则是近年来的一个创新产品较普通地暖而言石墨烯地暖去年效果会更好一些所以家庭中使用的也比较多虽然石墨烯地暖是新型产品但其价格却也十分亲民其价格一般在元左右一平米不过每个地区的物价不同因而石墨烯地暖的价格也会有一些差别然后从性价比上比较暖先森石墨烯地暖会比其他品牌要更好一些暖先森石墨烯地暖特点石墨烯地暖最大的优势就算其供暖效率非常高可高达以上因为石墨烯地暖采用的是石墨烯材质地暖管这种地暖管的导热性能良好其次石墨烯地暖还具有耗电量少清洗方便不易发生构件故障款式多样价格便宜等优点暖先森石墨烯地暖其独特的石墨烯芯片发热芯材把电能高效转化为远红外热能相对于煤炭天然气等采暖能源电能供暖洁净非常的环保暖先森石墨烯地暖无醛无苯符合欧盟标准的材质让用户在享受温暖的同时不会受到有害物质的侵害更安全更健康以上就算有关暖先森石墨烯地暖价格的内容介绍地暖最开始的方式还是使用水而现在科技物品上面的进步一定也会对原来的情况进行升级像是在石墨烯之中石墨烯属于较为高级的原材料因而有这种材质打造的物品在于一些特征上的具备也是很齐全的原文网址暖先森地暖怎么样暖先森石墨烯地暖价格
9,年的选秀在抽签顺序正式确定之前不能进行在赛季正式结束之前彩票的订单还不能正式解决五月底当我们坐在这里的时候还没有关于赛季何时或是否恢复的具体答案更不用说它何时结束了所以把整个选秀过程想象成一个巨大的耸肩表情但是从技术上讲技术上讲草案的过程还在进行中虽然球员没有能够亲自为团队工作或面试面对面的赛季结束后放大球员和球队之间的调用正在进行前面办公室通过电影学习做家庭作业和意见继续成型对今年的类准备草案仍在继续在所有这些不确定性的背景下我今天发布了我的模拟草案的第七次迭代以反映我对今年草案展开的预期尽管抽签的顺序还没有确定球队的需要和适应是很重要的而不是我个人对前景的看法对于我的预期排名你可以切换到哥伦比亚广播公司体育前大板
